{
    "SVM": {
        "model": "SVM",
        "accuracy": 0.8373382624768947,
        "confusion_matrix": [
            [
                422,
                79
            ],
            [
                97,
                484
            ]
        ],
        "avg_iou": 0.8373382624768947,
        "classification_report": {
            "Gun": {
                "precision": 0.8131021194605009,
                "recall": 0.8423153692614771,
                "f1-score": 0.8274509803921568,
                "support": 501.0
            },
            "Knife": {
                "precision": 0.8596802841918295,
                "recall": 0.8330464716006885,
                "f1-score": 0.8461538461538461,
                "support": 581.0
            },
            "accuracy": 0.8373382624768947,
            "macro avg": {
                "precision": 0.8363912018261652,
                "recall": 0.8376809204310828,
                "f1-score": 0.8368024132730014,
                "support": 1082.0
            },
            "weighted avg": {
                "precision": 0.8381131302820369,
                "recall": 0.8373382624768947,
                "f1-score": 0.8374938316006054,
                "support": 1082.0
            }
        }
    },
    "RandomForest": {
        "model": "Random Forest",
        "accuracy": 0.8438077634011091,
        "confusion_matrix": [
            [
                450,
                51
            ],
            [
                118,
                463
            ]
        ],
        "avg_iou": 0.8438077634011091,
        "classification_report": {
            "Gun": {
                "precision": 0.7922535211267606,
                "recall": 0.8982035928143712,
                "f1-score": 0.8419083255378859,
                "support": 501.0
            },
            "Knife": {
                "precision": 0.9007782101167315,
                "recall": 0.7969018932874354,
                "f1-score": 0.845662100456621,
                "support": 581.0
            },
            "accuracy": 0.8438077634011091,
            "macro avg": {
                "precision": 0.8465158656217461,
                "recall": 0.8475527430509033,
                "f1-score": 0.8437852129972534,
                "support": 1082.0
            },
            "weighted avg": {
                "precision": 0.8505278689115786,
                "recall": 0.8438077634011091,
                "f1-score": 0.843923984713288,
                "support": 1082.0
            }
        }
    }
}